,City,Lat,Lng,Country,Max.Temp,Humidity,Cloudiness,Wind Speed
0,Nizhnevartovsk,60.9344,76.5531,RU,-3.0,93,90,2.0
1,Mataura,-46.1927,168.8643,NZ,12.22,96,82,0.89
2,Albany,42.6001,-73.9662,US,12.22,19,0,2.24
3,Esperance,-33.8667,121.9,AU,14.0,94,51,4.12
4,Hilo,19.7297,-155.09,US,21.0,83,90,4.63
5,Gonder,12.6,37.4667,ET,17.26,21,1,5.36
6,Kousséri,12.0769,15.0306,CM,35.0,23,0,1.03
7,Bubaque,11.2833,-15.8333,GW,25.53,69,49,8.46
8,Half Moon Bay,37.4636,-122.4286,US,15.0,71,1,6.17
9,Trairi,-3.2778,-39.2689,BR,26.47,73,1,4.22
10,Esso,55.9333,158.7,RU,-17.67,89,0,2.25
11,Huarmey,-10.0681,-78.1522,PE,25.32,66,1,4.52
12,Vila Velha,-20.3297,-40.2925,BR,27.22,74,20,2.06
13,Guerrero Negro,27.9769,-114.0611,MX,23.02,47,31,8.52
14,Jalu,29.0331,21.5482,LY,25.18,15,73,4.14
15,Saint-Philippe,-21.3585,55.7679,RE,26.0,83,20,8.23
16,San Buenaventura,27.0833,-101.5333,MX,22.0,35,1,2.06
17,Port Alfred,-33.5906,26.891,ZA,20.06,89,52,6.29
18,Bambous Virieux,-20.3428,57.7575,MU,26.11,89,75,4.63
19,Cape Town,-33.9258,18.4232,ZA,18.89,68,20,6.17
20,Laguna,38.421,-121.4238,US,16.67,41,40,4.12
21,Cherskiy,68.75,161.3,RU,-28.69,85,0,2.33
22,Qaqortoq,60.7167,-46.0333,GL,0.0,93,90,5.86
23,Rikitea,-23.1203,-134.9692,PF,26.53,74,7,3.52
24,George Town,5.4112,100.3354,MY,27.78,83,20,1.54
25,Ponta do Sol,32.6667,-17.1,PT,15.0,60,29,2.68
26,Kapaa,22.0752,-159.319,US,23.33,73,75,9.26
27,Verkhnevilyuysk,63.4453,120.3167,RU,-23.02,88,100,5.03
28,Tilichiki,60.4667,166.1,RU,-25.72,89,5,3.37
29,Haines Junction,60.7522,-137.5108,CA,-12.0,40,100,1.03
30,Kismayo,-0.3582,42.5454,SO,26.41,80,30,5.49
31,Hamilton,39.1834,-84.5333,US,16.11,21,1,2.06
32,San Policarpo,12.1791,125.5072,PH,27.29,84,99,5.62
33,Pacific Grove,36.6177,-121.9166,US,14.0,58,1,5.66
34,Bana,5.1481,10.2762,CM,15.95,89,94,0.31
35,Mocuba,-16.8392,36.9856,MZ,22.66,97,97,0.61
36,Sabla,12.7525,4.7077,NG,33.55,10,100,2.55
37,Maiduguri,11.8464,13.1603,NG,32.0,31,71,1.95
38,Padang,-0.9492,100.3543,ID,24.0,94,90,1.03
39,Soyo,-6.1349,12.3689,AO,27.16,83,100,2.85
40,Tasiilaq,65.6145,-37.6368,GL,-5.0,93,90,18.52
41,Sisimiut,66.9395,-53.6735,GL,-5.81,79,83,5.42
42,Kaitangata,-46.2817,169.8464,NZ,14.44,73,68,3.58
43,Saint George,37.1041,-113.5841,US,22.0,20,40,14.92
44,Lokomotivnyy,53.0118,60.5684,RU,-6.54,86,27,5.84
45,Puerto Ayora,-0.7393,-90.3518,EC,29.0,70,20,4.12
46,Ribeira Grande,38.5167,-28.7,PT,16.0,77,20,6.17
47,Yellowknife,62.456,-114.3525,CA,-12.0,67,75,8.23
48,Dikson,73.5069,80.5464,RU,-31.02,84,10,8.53
49,Ushuaia,-54.8,-68.3,AR,10.0,66,40,15.43
50,Upernavik,72.7868,-56.1549,GL,-17.76,96,100,5.94
51,Feldkirch,47.2331,9.6,AT,-2.22,93,10,0.89
52,Busselton,-33.65,115.3333,AU,20.12,46,0,1.95
53,São Filipe,14.8961,-24.4956,CV,22.07,69,49,1.99
54,Mundo Nuevo (Ojo de Agua),18.7,-95.5,MX,22.99,64,3,6.5
55,Shaunavon,49.6501,-108.4181,CA,8.0,36,100,6.17
56,Avarua,-21.2078,-159.775,CK,28.0,78,69,5.14
57,Mehamn,71.0357,27.8492,NO,-0.06,83,100,6.29
58,Linares,-35.85,-71.6,CL,26.13,16,91,2.0
59,College,64.8569,-147.8028,US,-8.89,38,1,4.63
60,Arraial do Cabo,-22.9661,-42.0278,BR,29.0,83,0,8.75
61,Mata,40.683,-7.4592,PT,5.09,52,0,3.64
62,Bathsheba,13.2167,-59.5167,BB,28.0,54,20,8.75
63,Babstovo,48.1167,132.4833,RU,-2.1,96,100,3.44
64,Hobart,-42.8794,147.3294,AU,15.0,67,75,2.06
65,Ancud,-41.8697,-73.8203,CL,18.0,55,0,2.06
66,Provideniya,64.3833,-173.3,RU,-15.56,76,100,7.22
67,Tsumeb,-19.2333,17.7167,NA,20.85,70,50,2.67
68,Saskylakh,71.9167,114.0833,RU,-36.9,99,100,4.55
69,Miracema do Tocantins,-9.5618,-48.3967,BR,25.64,89,55,1.96
70,Sabha,27.0377,14.4283,LY,22.77,17,0,2.65
71,Barrow,71.2906,-156.7887,US,-23.0,77,1,4.63
72,Lata,40.1629,-8.3327,PT,12.78,66,0,4.63
73,Nikolskoye,59.7035,30.7861,RU,-2.78,86,90,6.0
74,Srednekolymsk,67.45,153.6833,RU,-24.63,84,0,0.79
75,Cabedelo,-6.9811,-34.8339,BR,26.0,83,0,4.12
76,Malanje,-9.5402,16.341,AO,18.71,93,100,1.28
77,Hervey Bay,-25.2986,152.8535,AU,23.89,94,81,0.45
78,Hermanus,-34.4187,19.2345,ZA,12.78,93,9,3.64
79,Ardakān,32.31,54.0175,IR,15.0,17,40,3.09
80,Hong Kong,22.2855,114.1577,HK,24.44,83,53,0.45
81,Hasaki,35.7333,140.8333,JP,16.0,88,75,5.14
82,Punta Arenas,-53.15,-70.9167,CL,11.0,58,75,10.8
83,Faya,18.3851,42.4509,SA,18.0,48,0,2.06
84,Bobov Dol,42.3697,23.0172,BG,1.11,100,90,1.03
85,Ucluelet,48.9329,-125.5528,CA,8.89,71,75,8.23
86,Cabo San Lucas,22.8909,-109.9124,MX,30.0,21,20,4.12
87,Husavik,66.0449,-17.3389,IS,5.0,65,90,9.26
88,Zhangjiakou,40.81,114.8794,CN,-2.88,30,0,7.82
89,Alice Springs,-23.7,133.8833,AU,19.0,82,90,4.12
90,Hobyo,5.3505,48.5268,SO,26.21,80,18,6.29
91,Lavrentiya,65.5833,-171.0,RU,-17.98,82,100,6.34
92,Emba,48.8264,58.1442,KZ,-4.56,96,100,4.15
93,Hukuntsi,-24.0,21.75,BW,23.19,44,10,2.23
94,Hazorasp,41.3194,61.0742,UZ,4.0,87,39,1.03
95,Maryville,35.7565,-83.9705,US,17.22,27,1,4.63
96,Butaritari,3.0707,172.7902,KI,27.83,79,12,8.63
97,Ostrovnoy,68.0531,39.5131,RU,-8.36,92,55,6.98
98,Mokhsogollokh,61.4681,128.9203,RU,-11.98,87,96,3.05
99,Ozernovskiy,51.5,156.5167,RU,-8.55,84,82,4.86
100,Longyearbyen,78.2186,15.6401,SJ,-10.0,73,40,3.6
101,Zhigansk,66.7697,123.3711,RU,-9.31,93,100,10.81
102,Chokurdakh,70.6333,147.9167,RU,-28.39,99,0,1.54
103,Anadyr,64.75,177.4833,RU,-21.67,71,0,4.0
104,General Roca,-39.0333,-67.5833,AR,25.0,31,0,3.6
105,Hambantota,6.1241,81.1185,LK,25.71,79,82,1.86
106,East London,-33.0153,27.9116,ZA,21.49,83,60,6.66
107,Nuuk,64.1835,-51.7216,GL,-1.0,80,75,5.14
108,Rome,43.2128,-75.4557,US,12.0,26,1,5.66
109,Mizdah,31.4451,12.9801,LY,22.28,14,2,6.84
110,Road Town,18.4167,-64.6167,VG,27.0,65,75,6.69
111,Baculin,7.4525,126.5842,PH,25.73,82,88,2.57
112,Pisco,-13.7,-76.2167,PE,26.0,53,0,9.77
113,Polson,47.6936,-114.1632,US,6.11,58,83,3.58
114,Cibeureum,-7.3552,108.2693,ID,21.99,93,64,0.76
115,Castro,-24.7911,-50.0119,BR,21.89,90,75,2.17
116,Pontianak,-0.0333,109.3333,ID,24.0,100,90,1.03
117,Chapais,49.7834,-74.8492,CA,9.0,34,1,7.2
118,Geraldton,-28.7667,114.6,AU,20.0,45,0,4.63
119,New Norfolk,-42.7826,147.0587,AU,14.44,65,3,0.87
120,Umluj,25.0213,37.2685,SA,26.61,36,0,3.07
121,Cap Malheureux,-19.9842,57.6142,MU,26.11,86,5,2.24
122,Muromtsevo,56.3724,75.2418,RU,0.37,97,100,6.57
123,Cidreira,-30.1811,-50.2056,BR,25.31,85,3,9.45
124,Mar del Plata,-38.0023,-57.5575,AR,20.0,77,0,1.54
125,Betong,5.7743,101.0723,TH,20.8,97,99,0.84
126,Bethel,41.3712,-73.414,US,13.33,26,21,2.22
127,La Ronge,55.1001,-105.2842,CA,11.0,25,24,3.09
128,Al Bardīyah,31.7561,25.0865,LY,16.76,83,45,4.25
129,Tuktoyaktuk,69.4541,-133.0374,CA,-27.0,76,75,3.6
130,Barra do Corda,-5.5,-45.25,BR,25.12,92,42,0.79
131,Sinnamary,5.3833,-52.95,GF,25.82,84,33,4.43
132,Khorramshahr,30.4397,48.1664,IR,20.0,32,0,5.14
133,Vaini,-21.2,-175.2,TO,29.0,79,40,3.6
134,Thompson,55.7435,-97.8558,CA,11.0,32,20,3.6
135,Alugan,12.2188,125.4808,PH,26.99,85,95,5.08
136,Rāwah,34.4816,41.9093,IQ,16.77,39,37,4.61
137,Severo-Yeniseyskiy,60.3725,93.0408,RU,-9.22,96,100,1.78
138,Karpogory,64.0019,44.4451,RU,-11.47,94,95,3.14
139,Nome,64.5011,-165.4064,US,-11.0,57,1,10.8
140,Tiksi,71.6872,128.8694,RU,-27.85,99,100,4.81
141,Norman Wells,65.282,-126.8329,CA,-18.0,60,40,5.66
142,La Santisima Trinidad,-14.8333,-64.9,BO,29.0,74,75,1.94
143,Krasnogvardeyskoye,45.8456,41.5186,RU,2.59,89,71,3.87
144,Tazovsky,67.4667,78.7,RU,-27.07,86,100,6.82
145,Nanortalik,60.1432,-45.2371,GL,0.03,98,100,7.35
146,Lompoc,34.6391,-120.4579,US,16.0,48,1,7.2
147,Plouzané,48.3833,-4.6167,FR,7.0,76,90,1.03
148,Sayyan,15.1718,44.3244,YE,14.12,19,37,2.41
149,Isla Mujeres,21.2311,-86.731,MX,26.0,61,75,3.6
150,Beni Suef,29.0731,31.0979,EG,24.91,22,29,2.76
151,Souillac,-20.5167,57.5167,MU,26.0,89,75,4.63
152,Obregon,11.9566,-85.9636,NI,33.0,49,75,8.23
153,Doka,13.5167,35.7667,SD,29.76,18,3,8.8
154,Vallenar,-28.5708,-70.7581,CL,26.98,27,0,4.18
155,Atuona,-9.8,-139.0333,PF,26.79,78,17,5.64
156,Poronaysk,49.2167,143.1167,RU,-5.71,84,100,2.35
157,Binga,-17.6203,27.3414,ZW,22.85,71,0,0.29
158,Yerbogachën,61.2767,108.0108,RU,-34.55,92,0,3.02
159,Atar,20.5169,-13.0499,MR,23.17,11,11,4.72
160,Jamestown,42.097,-79.2353,US,12.0,20,1,1.33
161,Kavaratti,10.5669,72.642,IN,28.13,65,8,2.9
162,Torbay,47.6666,-52.7314,CA,-3.33,68,75,8.23
163,Constitución,-35.3333,-72.4167,CL,17.53,66,100,3.86
164,Sigulda,57.1519,24.8647,LV,-2.22,94,100,3.58
165,Beatrice,40.2681,-96.747,US,18.0,25,1,11.32
166,Caucayá,-0.1934,-74.7819,CO,31.68,55,72,1.61
167,Sawtell,-30.3833,153.1,AU,21.11,94,90,3.93
168,Cayenne,4.9333,-52.3333,GF,27.22,78,90,3.6
169,Bluff,-46.6,168.3333,NZ,12.22,96,84,0.89
170,Kemijärvi,66.7131,27.4306,FI,-1.2,97,100,4.09
171,Lebu,-37.6167,-73.65,CL,16.38,71,8,2.45
172,Port Hedland,-20.3167,118.5667,AU,21.0,78,3,5.14
173,Ust'-Shonosha,61.1531,41.343,RU,-9.31,92,93,3.95
174,Kamaishi,39.2667,141.8833,JP,9.68,98,100,3.27
175,Buta,2.7858,24.73,CD,20.2,98,100,0.96
176,Morón,-34.6534,-58.6198,AR,21.11,80,100,0.89
177,Gondanglegi,-7.7479,112.0132,ID,23.39,88,87,1.02
178,Linhares,-19.3911,-40.0722,BR,24.13,85,0,2.24
179,Airai,-8.9266,125.4092,TL,15.68,83,42,1.08
180,Kenai,60.5544,-151.2583,US,-7.0,67,100,10.29
181,Bredasdorp,-34.5322,20.0403,ZA,13.0,94,50,1.03
182,Muravlenko,63.7898,74.523,RU,-16.33,94,100,9.02
183,Rodolfo Sánchez Taboada,31.7167,-116.5667,MX,18.33,78,1,2.24
184,Mahébourg,-20.4081,57.7,MU,26.0,89,75,4.63
185,Bandarbeyla,9.4942,50.8122,SO,25.04,79,1,4.59
186,Liwale,-9.7667,37.9333,TZ,20.6,96,93,0.43
187,Avera,33.194,-82.5271,US,15.0,36,1,5.66
188,Mossamedes,-15.1961,12.1522,AO,23.17,73,30,1.44
189,Port Elizabeth,-33.918,25.5701,ZA,17.78,88,9,0.89
190,Qaanaaq,77.484,-69.3632,GL,-21.48,99,100,2.35
191,Leningradskiy,69.3833,178.4167,RU,-24.15,84,100,0.43
192,Várzea da Palma,-17.5981,-44.7308,BR,23.81,77,10,2.02
193,San Patricio,28.017,-97.5169,US,21.67,46,20,3.09
194,Vestmannaeyjar,63.4427,-20.2734,IS,5.0,81,40,9.26
195,Katsuura,35.1333,140.3,JP,17.22,88,75,6.17
196,Sembakung,3.8167,117.25,ID,23.04,97,43,0.78
197,Harrisonburg,38.4496,-78.8689,US,14.44,33,0,2.02
198,Los Altos Hills,37.3797,-122.1375,US,16.11,51,1,6.69
199,Kirkuk,35.4681,44.3922,IQ,13.51,51,91,3.28
200,Naze,28.3667,129.4833,JP,17.89,88,100,5.79
201,The Valley,18.217,-63.0578,AI,26.11,69,20,7.72
202,Carndonagh,55.25,-7.2667,IE,8.55,95,100,5.56
203,Celestún,20.8667,-90.4,MX,23.32,59,4,5.74
204,Weyburn,49.6668,-103.8511,CA,12.0,30,99,7.72
205,Preobrazheniye,42.9019,133.9064,RU,-0.04,91,100,4.53
206,Khanbari,27.3747,87.2039,NP,16.31,40,1,1.87
207,Mineros,-17.1167,-63.2333,BO,30.0,66,40,5.14
208,Hancheng,32.5186,112.3522,CN,11.67,38,100,2.72
209,Hecun,36.5333,114.1111,CN,4.35,27,0,3.41
210,Cascais,38.6979,-9.4215,PT,12.22,65,0,4.02
211,Pitimbu,-7.4706,-34.8086,BR,26.0,83,0,4.12
212,Samdari,25.8167,72.5833,IN,23.52,22,0,1.97
213,Waitati,-45.75,170.5667,NZ,13.89,74,8,4.02
214,Grand Gaube,-20.0064,57.6608,MU,26.11,86,7,2.24
215,Carnarvon,-24.8667,113.6333,AU,22.0,88,0,3.09
216,Pokrovskoye,47.4157,38.8971,RU,1.67,93,63,4.02
217,Parkes,-33.1333,148.1833,AU,21.67,72,100,2.24
218,Urubichá,-15.3833,-62.95,BO,25.58,95,99,1.09
219,Hangu,39.2489,117.7892,CN,4.0,28,0,10.0
220,Araouane,18.9048,-3.5265,ML,26.85,12,0,4.38
221,Kumul,42.8,93.45,CN,1.33,16,0,1.99
222,Russell,32.3502,-85.1999,US,17.0,25,1,3.09
223,Udachny,66.4167,112.4,RU,-30.69,94,100,15.87
224,Wanning,18.8003,110.3967,CN,23.36,92,65,1.89
225,Puerto Quijarro,-17.7833,-57.7667,BO,28.01,88,96,0.93
226,Severo-Kuril'sk,50.6789,156.125,RU,-4.67,83,86,9.46
227,Iqaluit,63.7506,-68.5145,CA,-20.0,71,40,6.17
228,Vostok,46.4856,135.8833,RU,-7.81,93,97,2.19
229,Palmer,42.1584,-72.3287,US,14.0,19,20,6.17
230,Lakes Entrance,-37.8811,147.981,AU,18.89,90,100,1.79
231,Kushiro,42.975,144.3747,JP,-1.08,96,100,4.68
232,Khatanga,71.9667,102.5,RU,-38.74,97,17,4.46
233,Kisangani,0.5167,25.2,CD,23.72,88,78,1.58
234,Pedernales,18.0384,-71.744,DO,27.72,62,9,2.59
235,Port Moresby,-9.4431,147.1797,PG,25.0,94,75,1.54
236,Flinders,-34.5833,150.8552,AU,20.56,89,100,1.79
237,São José da Coroa Grande,-8.8978,-35.1478,BR,26.14,78,1,4.43
238,Fuerte Olimpo,-21.0415,-57.8738,PY,29.91,60,95,4.26
239,Dingle,10.9995,122.6711,PH,25.01,88,0,3.03
240,Chui,-33.6971,-53.4616,UY,25.1,74,64,5.68
241,Mugur-Aksy,50.35,90.5,RU,-12.89,48,91,3.84
242,Bukama,-9.2,25.85,CD,21.79,88,87,0.51
243,Ntungamo,-0.8833,29.65,UG,19.33,81,98,1.79
244,Hurghada,27.2574,33.8129,EG,23.0,43,0,2.8
245,Kalyazin,57.2403,37.8433,RU,-9.08,84,77,3.07
246,Koslan,63.4564,48.8989,RU,-12.91,97,89,2.08
247,Chikola,43.1906,43.9209,RU,4.0,87,75,3.0
248,Carutapera,-1.195,-46.02,BR,25.22,87,66,1.74
249,Sobolevo,54.4299,31.8996,RU,-4.7,93,69,3.47
250,Almeirim,-1.5233,-52.5817,BR,26.81,84,81,1.01
251,Kabinda,-6.1333,24.4833,CD,20.28,88,100,1.11
252,Tongling,30.95,117.7833,CN,8.59,89,99,2.97
253,Okhotsk,59.3833,143.3,RU,-15.9,81,100,1.61
254,Fairbanks,64.8378,-147.7164,US,-8.89,38,1,4.63
255,Katete,-0.7818,29.7544,UG,17.71,80,95,1.58
256,Orlik,52.5178,99.825,RU,-16.09,79,30,1.42
257,Labuhan,-6.8844,112.2051,ID,25.79,85,98,4.44
258,Sechura,-5.5569,-80.8222,PE,29.3,52,6,6.2
259,Bom Jardim,-7.7958,-35.5872,BR,27.0,65,40,6.69
260,Victor Harbor,-35.5667,138.6167,AU,22.22,73,2,2.85
261,Fenoarivo Atsinanana,-17.3667,49.4167,MG,24.29,89,37,3.01
262,Hudson Bay,52.85,-102.3842,CA,7.42,85,100,2.66
263,Hithadhoo,-0.6,73.0833,MV,28.46,69,100,3.91
264,Dandong,40.1292,124.3947,CN,1.3,88,47,2.63
265,Malabang,7.5903,124.0703,PH,25.67,86,3,2.03
266,Shache,38.4167,77.2406,CN,5.38,35,80,2.05
267,Midland,31.9974,-102.0779,US,22.78,21,1,9.26
268,Yulara,-25.2406,130.9889,AU,18.0,100,90,3.09
269,Kavieng,-2.5744,150.7967,PG,28.61,75,68,4.63
270,Mayo,38.8876,-76.5119,US,12.22,32,1,3.09
271,Brownwood,31.7093,-98.9912,US,20.0,28,1,1.54
272,Eirunepé,-6.6603,-69.8736,BR,25.51,90,100,1.88
273,Kruisfontein,-34.0033,24.7314,ZA,17.78,88,8,0.89
274,Jinka,5.65,36.65,ET,19.74,71,32,2.67
275,Lubao,14.9167,120.55,PH,25.0,83,40,1.03
276,Bengkulu,-3.8004,102.2655,ID,24.57,84,83,1.98
277,Gamba,-2.65,10.0,GA,25.63,83,46,0.32
278,Narsaq,60.9167,-46.05,GL,0.0,93,90,4.15
279,Aklavik,68.2191,-135.0107,CA,-20.0,59,20,1.03
280,Kunshan,31.3776,120.9543,CN,10.0,71,20,4.0
281,Comodoro Rivadavia,-45.8667,-67.5,AR,17.0,48,0,6.17
282,Panórama,40.5878,23.0315,GR,8.33,87,75,1.03
283,Pevek,69.7008,170.3133,RU,-30.98,99,30,0.96
284,Faanui,-16.4833,-151.75,PF,28.28,63,2,2.4
285,Safi,32.2994,-9.2372,MA,12.32,69,0,6.59
286,Cajamarca,-7.1638,-78.5003,PE,14.92,79,83,4.43
287,La Antigua,6.7153,-76.079,CO,18.11,90,100,1.35
288,Boyolangu,-8.1181,111.8935,ID,23.76,88,68,1.15
289,Pemangkat,1.1667,108.9667,ID,24.98,89,100,2.74
290,São Gabriel da Cachoeira,-0.1303,-67.0892,BR,27.17,85,99,1.43
291,Jhanjhārpur,26.2667,86.2833,IN,20.86,28,0,3.07
292,Plettenberg Bay,-34.0527,23.3716,ZA,17.59,88,95,3.78
293,Nizwá,22.9333,57.5333,OM,22.88,26,0,1.83
294,Karema,-6.8205,30.4389,TZ,22.15,84,6,1.82
295,Taoudenni,22.6783,-3.9836,ML,23.17,7,0,4.18
296,Mount Gambier,-37.8333,140.7667,AU,14.0,94,55,2.57
297,Mindelo,16.8901,-24.9804,CV,21.0,73,75,11.32
298,Guapiaçu,-20.795,-49.2203,BR,31.0,37,40,1.03
299,Ha Giang,22.8333,104.9833,VN,24.33,96,76,0.33
300,Arlit,18.7369,7.3853,NE,28.51,7,1,3.26
301,Along,28.1667,94.7667,IN,16.74,74,3,1.05
302,Celendín,-6.8703,-78.1517,PE,17.19,67,82,2.4
303,Vangaindrano,-23.35,47.6,MG,23.61,91,98,1.86
304,Saint Paul Harbor,57.79,-152.4072,US,3.0,87,90,8.1
305,Matara,5.9485,80.5353,LK,24.88,86,89,1.46
306,Plovdiv,42.15,24.75,BG,6.67,93,90,4.63
307,Los Llanos de Aridane,28.6585,-17.9182,ES,18.0,59,75,7.2
308,Saint-Augustin,51.226,-58.6502,CA,-5.85,77,40,3.17
309,Ust'-Ishim,57.6935,71.1665,RU,-2.18,96,100,4.1
310,Malakal,9.5334,31.6605,SS,31.92,34,14,2.07
311,Talcahuano,-36.7167,-73.1167,CL,21.0,40,0,3.09
312,Kilgore,32.3863,-94.8758,US,17.78,39,1,4.63
313,Deer Lake,49.1667,-57.4316,CA,-6.0,63,20,5.14
314,Coahuayana Viejo,18.7333,-103.6833,MX,31.0,40,40,3.33
315,Touros,-5.1989,-35.4608,BR,27.0,69,20,4.63
316,Tar,47.9537,19.7461,HU,-0.56,80,0,3.6
317,Losal,27.4,74.9167,IN,22.44,25,0,2.42
318,Kalmunai,7.4167,81.8167,LK,25.96,83,100,1.09
319,Tiznit Province,29.5833,-9.5,MA,11.35,80,67,7.22
320,Skeldon,5.8833,-57.1333,GY,26.31,71,20,3.51
321,Portland,45.5234,-122.6762,US,11.67,76,90,3.6
322,Kloulklubed,7.0419,134.2556,PW,26.0,89,75,2.57
323,Tautira,-17.7333,-149.15,PF,30.0,70,40,6.17
324,Fukuechō,32.6881,128.8419,JP,12.48,88,100,12.98
325,Erzincan Province,39.75,39.5,TR,7.0,61,75,1.03
326,Mitsamiouli,-11.3847,43.2844,KM,28.41,69,14,1.54
327,Reidsville,36.3549,-79.6645,US,12.0,22,1,3.09
328,Caravelas,-17.7125,-39.2481,BR,24.62,86,0,2.97
329,Belinsky,52.9647,43.4165,RU,-6.33,96,100,2.13
330,El Alto,-4.2714,-81.2147,PE,30.0,58,0,5.66
331,Ise,34.4833,136.7,JP,17.78,92,100,2.24
332,Bilibino,68.0546,166.4372,RU,-28.37,71,0,0.33
333,Pundaguitan,6.3711,126.1689,PH,27.98,75,26,4.59
334,Port Hardy,50.6996,-127.4199,CA,5.0,65,75,2.57
335,Peniche,39.3558,-9.3811,PT,12.22,75,0,3.58
336,Baruun-Urt,46.6806,113.2792,MN,-9.36,66,49,3.86
337,Talnakh,69.4865,88.3972,RU,-30.79,68,0,3.99
338,Bail-Hongal,15.8167,74.8667,IN,23.21,37,10,1.93
339,Lagoa,39.05,-27.9833,PT,14.45,81,100,5.84
340,Yamada,39.4667,141.95,JP,8.81,98,100,2.71
341,Buraidah,26.326,43.975,SA,20.0,40,0,3.09
342,Kudahuvadhoo,2.6708,72.8944,MV,27.89,69,100,2.26
343,Disna,55.568,28.1971,BY,-2.75,61,100,6.29
344,Rājākhera,26.8961,78.1714,IN,23.08,22,0,0.53
345,Bonavista,48.6499,-53.1147,CA,-3.33,73,100,2.06
346,Ushtobe,45.2514,77.9838,KZ,3.33,86,98,1.31
347,Kankakee,41.15,-87.8667,US,13.33,41,1,4.63
348,Perth,-31.9333,115.8333,AU,23.33,35,0,5.14
349,Belmonte,-15.8631,-38.8828,BR,25.0,83,40,2.57
350,Yar-Sale,66.8333,70.8333,RU,-24.52,88,100,5.09
351,Sitka,57.0531,-135.33,US,2.0,64,90,6.69
352,Port Blair,11.6667,92.75,IN,25.42,74,81,1.41
353,Manuk Mangkaw,4.8,119.85,PH,28.26,76,29,3.81
354,Zwedru,6.0667,-8.1281,LR,23.8,93,92,1.81
355,Rapid Valley,44.0625,-103.1463,US,19.44,32,1,5.14
356,Kirakira,-10.4544,161.9205,SB,26.79,83,97,2.83
357,Yumen,40.2833,97.2,CN,-3.85,27,0,3.46
358,Jucuarán,13.2539,-88.2478,SV,35.0,55,20,5.14
359,Urusha,54.05,122.9,RU,-16.57,92,6,0.78
360,Santa Maria,-29.6842,-53.8069,BR,35.0,43,75,5.14
361,Dolores,-36.3132,-57.6792,AR,17.62,88,100,3.99
362,Ixtapa,20.7,-105.2,MX,24.0,69,1,6.69
363,Ilulissat,69.2167,-51.1,GL,-7.0,58,20,1.54
364,Chicama,-7.8447,-79.1469,PE,24.0,78,0,3.6
365,Kapit,2.0167,112.9333,MY,23.23,99,100,0.36
366,Río Gallegos,-51.6226,-69.2181,AR,14.0,33,0,10.29
367,Ürümqi,43.801,87.6005,CN,-4.0,93,0,2.0
368,Terney,45.0503,136.6092,RU,-1.58,95,100,4.18
369,Óbidos,-1.9175,-55.5181,BR,27.81,79,71,1.69
370,Mt. Pleasant,32.7941,-79.8626,US,16.0,51,75,2.06
371,Glazov,58.1394,52.6584,RU,-9.0,95,100,2.85
372,Oussouye,12.485,-16.5469,SN,25.0,88,0,2.06
373,Sangamner,19.5667,74.2167,IN,22.05,34,0,0.89
374,Nizhniy Ingash,56.2,96.53,RU,-4.39,80,100,1.77
375,Norrköping,58.5942,16.1826,SE,3.0,87,95,4.63
376,Atikokan,48.7555,-91.6216,CA,10.78,55,0,6.32
377,Zhuhai,22.2769,113.5678,CN,24.0,78,40,6.17
378,Port Lincoln,-34.7333,135.8667,AU,20.2,77,1,3.8
379,Tokonou,9.65,-9.7833,GN,25.22,64,43,2.18
380,Peleduy,59.6289,112.7406,RU,-17.8,93,97,3.37
381,Taksimo,56.3444,114.8794,RU,-12.71,81,86,1.37
382,Malartic,48.1335,-78.1328,CA,12.0,26,1,5.14
383,Isangel,-19.55,169.2667,VU,25.0,83,75,3.7
384,Itarema,-2.9248,-39.9167,BR,26.05,81,74,4.38
385,Ambilobe,-13.2,49.05,MG,23.8,93,93,1.11
386,Margate,51.3813,1.3862,GB,7.78,76,100,0.89
387,Urucará,-2.5364,-57.76,BR,29.46,73,75,0.64
388,Muros,42.7762,-9.0603,ES,10.0,51,0,9.46
389,Monrovia,6.3005,-10.7969,LR,25.0,83,75,2.45
390,Camacha,33.0833,-16.3333,PT,15.0,77,75,6.69
391,Nago,26.5881,127.9761,JP,21.0,88,90,3.6
392,Kidal,18.4411,1.4078,ML,28.21,12,0,4.23
393,Guderup,54.9898,9.8717,DK,6.0,87,90,6.69
394,Macia,-25.0269,33.0989,MZ,20.94,89,0,1.17
395,Buin,-33.7333,-70.75,CL,25.0,29,0,2.57
396,Luanda,-8.8368,13.2343,AO,27.0,83,75,3.09
397,Saldanha,-33.0117,17.9442,ZA,17.0,67,0,6.17
398,Csemő,47.118,19.6909,HU,0.0,74,0,3.09
399,San Felipe,10.3399,-68.7425,VE,26.31,65,98,4.24
400,Brownsville,25.9018,-97.4975,US,24.0,35,1,4.12
401,Ngaoundéré,7.3167,13.5833,CM,20.73,84,87,1.42
402,Igrim,63.1906,64.4162,RU,-17.03,94,100,4.18
403,Corn Island,12.1694,-83.0418,NI,26.08,79,41,8.25
404,Songea,-10.6833,35.65,TZ,21.0,88,20,0.6
405,Lima,-12.0432,-77.0282,PE,27.0,54,0,5.14
406,Aktobe,50.2797,57.2072,KZ,-3.0,93,90,7.0
407,Samarai,-10.6167,150.6667,PG,28.42,76,100,3.04
408,Salsomaggiore Terme,44.8148,9.9796,IT,5.0,75,0,1.54
409,Whitehorse,60.7161,-135.0538,CA,-10.0,57,20,6.69
410,Kiama,-34.6833,150.8667,AU,20.56,87,100,4.02
411,Capitán Meza,-27.0167,-55.5667,PY,32.0,55,75,6.69
412,Neiafu,-18.65,-173.9833,TO,28.0,78,40,4.12
413,Khandyga,62.6667,135.6,RU,-9.09,94,100,3.06
414,Mīnāb,27.1467,57.0801,IR,22.0,83,0,3.09
415,Pangai,-19.8,-174.35,TO,27.44,75,10,2.6
416,Nefteyugansk,61.0998,72.6035,RU,-5.0,100,75,2.0
417,Verkh-Suetka,53.3,80.05,RU,-0.18,88,100,7.58
418,Scarborough,54.2797,-0.4044,GB,8.33,81,63,1.34
419,Liverpool,53.4106,-2.9779,GB,9.0,93,75,4.63
420,São Félix do Xingu,-6.6447,-51.995,BR,26.6,79,59,1.78
421,Akdepe,42.0551,59.3788,TM,5.0,87,90,3.09
422,Clarence Town,-32.5833,151.7833,AU,20.0,100,90,6.69
423,Beyneu,45.3167,55.2,KZ,1.32,81,100,4.02
424,Paita,-5.0892,-81.1144,PE,30.0,58,0,5.66
425,Kendal,54.3268,-2.7476,GB,8.33,93,36,1.34
426,Karratha,-20.7377,116.8463,AU,23.18,62,0,7.05
427,Caceres,39.522,-6.3748,ES,8.33,48,0,1.79
428,Waingapu,-9.6567,120.2641,ID,25.45,86,96,3.73
429,Aripuanã,-9.1667,-60.6333,BR,24.18,97,88,0.83
430,Oodweyne,9.4092,45.064,SO,20.65,29,0,2.87
431,Hofn,64.2539,-15.2082,IS,5.35,60,100,3.78
432,Port-Gentil,-0.7193,8.7815,GA,27.0,94,90,1.31
433,Clyde River,70.4692,-68.5914,CA,-25.0,77,1,0.62
434,Qaryat Sulūq,31.6682,20.2521,LY,21.57,28,0,3.25
435,Revelstoke,50.9832,-118.2023,CA,6.0,81,90,2.06
436,Bintulu,3.1667,113.0333,MY,24.0,100,40,1.54
437,Takoradze,4.8845,-1.7554,GH,27.14,80,32,2.79
438,Shigony,53.3875,48.6777,RU,-4.42,89,100,2.21
439,Gizo Government Station,-8.103,156.8419,SB,27.46,79,95,3.07
440,Dvinskoy Bereznik,62.8551,42.7072,RU,-9.1,91,90,3.34
441,Enterprise,36.0252,-115.2419,US,21.11,21,20,7.72
442,Haskovo,41.9403,25.5694,BG,6.67,93,90,4.63
443,Tuatapere,-46.1333,167.6833,NZ,12.22,96,92,0.89
444,Sept-Îles,50.2001,-66.3821,CA,0.56,59,20,3.09
445,Chase,50.8165,-119.6857,CA,11.0,54,91,2.06
446,Tete,-16.1564,33.5867,MZ,25.0,83,40,2.57
447,Deputatsky,69.3,139.9,RU,-29.35,99,82,1.14
448,Coyhaique,-45.5752,-72.0662,CL,17.0,48,40,4.63
449,Kahului,20.8947,-156.47,US,23.0,83,40,7.72
450,Lüderitz,-26.6481,15.1594,NA,19.36,68,1,11.21
451,La Unión,-5.4,-80.75,PE,31.7,41,1,6.61
452,Saint-Louis,16.3333,-15.0,SN,28.47,13,32,5.47
453,Antofagasta,-23.65,-70.4,CL,23.33,72,20,6.69
454,West Plains,36.7281,-91.8524,US,16.67,36,1,4.12
455,Tabou,4.423,-7.3528,CI,26.05,84,100,3.36
456,Ust-Tsilma,65.441,52.1498,RU,-15.76,97,61,1.63
457,Codrington,-38.2667,141.9667,AU,16.09,83,100,3.63
458,Xucheng,20.35,110.1288,CN,23.0,94,0,2.0
459,Vacenovice,48.9451,17.174,CZ,-2.78,59,0,2.06
460,Sioux Lookout,50.1001,-91.917,CA,14.0,35,40,6.17
461,Kiryat Gat,31.61,34.7642,IL,17.78,61,0,0.89
462,Ossora,59.2353,163.0719,RU,-15.61,87,100,0.93
463,Devils Lake,48.1128,-98.8651,US,15.0,44,1,6.17
464,Severodvinsk,64.5635,39.8302,RU,-7.0,79,75,3.0
465,Pleasanton,37.6624,-121.8747,US,15.56,41,75,2.06
466,Houston,29.7633,-95.3633,US,20.56,32,20,3.09
467,Dawei,14.0833,98.2,MM,23.08,80,3,1.27
468,Daru,-9.0763,143.2092,PG,26.62,86,100,2.94
469,Rancho Palos Verdes,33.7445,-118.387,US,17.0,51,40,4.63
470,Moose Factory,51.2585,-80.6094,CA,14.0,18,93,3.6
471,Oddur,4.1213,43.8894,SO,26.99,48,1,4.65
472,Khani,41.9563,42.9566,GE,7.0,93,90,2.06
473,Rocha,-34.4833,-54.3333,UY,21.9,93,98,2.14
474,Porosozero,62.7191,32.727,RU,-2.83,93,100,4.44
475,Vardø,70.3705,31.1107,NO,-0.62,74,71,6.06
476,Polis,35.0367,32.4264,CY,12.0,82,20,3.09
477,Shirpur,21.35,74.8833,IN,24.67,44,0,1.69
478,Tiarei,-17.5333,-149.3333,PF,30.0,70,40,6.17
479,Parchim,53.4263,11.8488,DE,4.44,95,100,5.81
480,Neuquén,-38.9516,-68.0591,AR,25.0,31,0,3.6
481,Dalvik,65.9702,-18.5286,IS,5.0,65,90,9.26
482,Tongzhou,39.9053,116.5994,CN,4.0,28,0,8.0
483,Tokur,53.1333,132.9,RU,-16.52,97,66,1.06
484,Petropavlovsk-Kamchatskiy,53.0452,158.6483,RU,-8.0,57,8,3.0
485,Henties Bay,-22.116,14.2845,NA,17.22,89,0,0.89
486,Nikolayevka,53.1257,47.2041,RU,-7.05,94,100,2.49
487,Mbini,1.574,9.6134,GQ,24.0,94,40,4.21
488,Narasannapeta,18.4167,84.05,IN,24.56,68,3,2.3
489,Meulaboh,4.1363,96.1285,ID,24.73,89,67,2.09
490,São Miguel do Araguaia,-13.275,-50.1628,BR,26.04,81,78,1.58
491,Tura,25.5198,90.2201,IN,21.46,35,0,0.75
492,Berdigestyakh,62.0989,126.6992,RU,-9.76,94,100,4.63
493,Bol,13.4586,14.7147,TD,29.58,48,46,6.1
494,Olbia,40.9214,9.4856,IT,5.0,87,75,1.03
495,San Fernando del Valle de Catamarca,-28.4696,-65.7852,AR,24.26,56,26,6.38
496,Honningsvåg,70.9821,25.9704,NO,0.85,77,99,8.4
497,Port Macquarie,-31.4333,152.9167,AU,21.0,100,90,8.23
498,Puri,19.8,85.85,IN,24.0,88,40,1.03
499,Pimentel,-6.8367,-79.9342,PE,28.0,51,0,8.23
500,Sibu,2.3,111.8167,MY,24.0,94,40,1.03
501,Yining,29.0361,114.5636,CN,9.72,96,100,1.46
502,Maxixe,-23.8597,35.3472,MZ,23.5,87,3,1.09
503,Yanam,16.7333,82.2167,IN,21.74,84,97,0.94
504,Truth or Consequences,33.1284,-107.2528,US,26.11,11,1,10.29
505,Lorengau,-2.0226,147.2712,PG,28.17,75,100,3.38
